Name	Chrom	Start	End	alt_base	ref_base	Gene	Gene ID
atp6-A623E	chr1	267305	267307			atp6	PF3D7_0106300
atp6-S769N	chr1	266867	266869			atp6	PF3D7_0106300
atp6-L263E	chr1	268385	268387			atp6	PF3D7_0106300
atp6-E431K	chr1	267881	267883			atp6	PF3D7_0106300
dhfr-ts-S108N	chr4	748409	748411			dhfr-ts	PF3D7_0417200
dhfr-ts-S108T	chr4	748409	748411			dhfr-ts	PF3D7_0417200
dhfr-ts-I164L	chr4	748577	748579			dhfr-ts	PF3D7_0417200
dhfr-ts-T185	chr4	748640	748642			dhfr-ts	PF3D7_0417200
dhfr-ts-A16V	chr4	748133	748135			dhfr-ts	PF3D7_0417200
dhfr-ts-C59R	chr4	748262	748264			dhfr-ts	PF3D7_0417200
dhfr-ts-N51I	chr4	748238	748240			dhfr-ts	PF3D7_0417200
dhps-A437G	chr8	549684	549686			dhps	PF3D7_0810800
dhps-K540E	chr8	549993	549995			dhps	PF3D7_0810800
dhps-A613T	chr8	550212	550214			dhps	PF3D7_0810800
dhps-A613S	chr8	550212	550214			dhps	PF3D7_0810800
dhps-S436A	chr8	549681	549683			dhps	PF3D7_0810800
dhps-S436F	chr8	549681	549683			dhps	PF3D7_0810800
dhps-A581G	chr8	550116	550118			dhps	PF3D7_0810800
crt-N75E	chr7	403621	403623			crt	PF3D7_0709000
crt-M74I	chr7	403618	403620			crt	PF3D7_0709000
crt-C72S	chr7	403612	403614			crt	PF3D7_0709000
crt-H97L	chr7	403687	403689			crt	PF3D7_0709000
crt-H97Y	chr7	403687	403689			crt	PF3D7_0709000
crt-K76T	chr7	403624	403626			crt	PF3D7_0709000
crt-C101F	chr7	403699	403701			crt	PF3D7_0709000
crt-F145I	chr7	404010	404012			crt	PF3D7_0709000
crt-I356T	chr7	405599	405601			crt	PF3D7_0709000
crt-A220S	chr7	404407	404409			crt	PF3D7_0709000
crt-N326S	chr7	405361	405363			crt	PF3D7_0709000
crt-R371I	chr7	405837	405839			crt	PF3D7_0709000
crt-Q271E	chr7	404836	404838			crt	PF3D7_0709000
mdr1-D1246Y	chr5	961625	961627			mdr1	PF3D7_0523000
mdr1-N86Y	chr5	958145	958147			mdr1	PF3D7_0523000
mdr1-Y184F	chr5	958439	958441			mdr1	PF3D7_0523000
mdr1-S1034C	chr5	960989	960991			mdr1	PF3D7_0523000
mdr1-N1042D	chr5	961013	961015			mdr1	PF3D7_0523000
mdr2-T484I	chr14	1956224	1956226			mdr2	PF3D7_1447900
cytb-M133I	chrM	3888	3890			cytb	mal_mito_3
cytb-V284K	chrM	4341	4343			cytb	mal_mito_3
cytb-Y268S	chrM	4293	4295			cytb	mal_mito_3
cytb-Y268C	chrM	4293	4295			cytb	mal_mito_3
cytb-Y268N	chrM	4293	4295			cytb	mal_mito_3
pib7-C1484F	chr7	896659	896661			pib7	PF3D7_0720700
pph-V1157L	chr10	490720	490722			pph	PF3D7_1012700
k13-C580Y	chr13	1725258	1725260			k13	PF3D7_1343700
k13-M476I	chr13	1725570	1725572			k13	PF3D7_1343700
k13-I543T	chr13	1725369	1725371			k13	PF3D7_1343700
k13-Y493H	chr13	1725519	1725521			k13	PF3D7_1343700
k13-R539T	chr13	1725381	1725383			k13	PF3D7_1343700
arps10-V127M	chr14	2481070	2481072			arps10	PF3D7_1460900.1
PF3D7-1451200-N71N	chr14	2098642	2098644			PF3D7-1451200	PF3D7_1451200
PF3D7-1322700-T236I	chr13	958468	958470			PF3D7-1322700	PF3D7_1322700
fd-D193Y	chr13	748393	748395			fd	PF3D7_1318100
kelch10-P623T	chr10	950343	950345			kelch10	PF3D7_1022600
PI4K-S915G	chr4	881071	881073			PI4K	PF3D7_0419900
Sec14-L498F	chr6	1066638	1066640			Sec14	PF3D7_0626400
Sec14-N615D	chr6	1066989	1066991			Sec14	PF3D7_0626400
exo-E415G	chr13	2504559	2504561			exo	PF3D7_1362500
mcp-N252D	chr13	2728400	2728402			mcp	PF3D7_1368700
